id	parent_organization_id	organization_type_id	organization_number	industry_id	organization_name	website_url	created_at	updated_at	is_deleted	timezone_name
1	2	2	d0a6750c85ce11eab51c0aedbe94	1	Truffles Cafe	\N	2020-04-17 16:33:36	\N	0	Pacific Daylight Time/Vancouver
2	\N	4	d589cb7d85ce11eab51c0aedbe94	1	TRUFFLES FINE FOODS LTD.	\N	2020-04-17 16:33:36	NULL	0	Pacific Daylight Time/Vancouver
3	\N	3	d69e334c85ce11eab51c0aedbe94	1	Sysco Canada, Inc	\N	2020-04-17 16:33:36	NULL	0	Pacific Daylight Time/Vancouver
4	3	3	d7a8755d85ce11eab51c0aedbe94	1	Sysco Vancouver	\N	2020-04-17 16:33:36	\N	0	Pacific Daylight Time/Vancouver
5	2	2	d8c2411685ce11eab51c0aedbe94	1	Truffles Truck 2	\N	2020-04-20 01:35:47	\N	0	Pacific Daylight Time/Vancouver
6	2	2	da707ff085ce11eab51c0aedbe94	1	Truffles Cafe Anvil Cntr	\N	2020-04-20 01:49:04	\N	0	Pacific Daylight Time/Vancouver
7	\N	4	dbc2dee985ce11eab51c0aedbe94	1	Oscar's Pub	\N	2020-04-20 01:52:56	NULL	0	Pacific Daylight Time/Vancouver
8	7	2	dcefc9fe85ce11eab51c0aedbe94	1	Oscar's Pub	\N	2020-04-20 01:54:01	\N	0	Pacific Daylight Time/Vancouver
9	\N	4	de41cffc85ce11eab51c0aedbe94	1	FUUD FOODS INC.	\N	2020-04-20 01:58:17	NULL	0	Pacific Daylight Time/Vancouver
10	9	2	dfa9dd2f85ce11eab51c0aedbe94	1	FUUD FOODS	\N	2020-04-20 01:58:56	\N	0	Pacific Daylight Time/Vancouver
